{
	"name": "betterRolls5e",
	"title": "Better Rolls for 5e",
	"description": "This module adds special roll functionality for the 5e system, allowing \"dual rolls\" for d20 rolls, buttons that support full output to chat, and customization for said outputs.",
	"version": "0.1",
	"author": "RedReign",
	"systems": ["dnd5e"],
	"scripts": ["./scripts/betterrolls5e.js",
				"./scripts/init.js"],
	"styles": ["./css/betterrolls5e.css"],
	"packs": [],
	"url": "",
	"manifest": "",
	"download": ""
}