{
	"name": "betterrollssw5e",
	"title": "Better Rolls for SW 5e",
	"description": "This module adds special roll functionality for the SW D20 5e system, allowing \"dual rolls\" for d20 rolls, buttons that support full output to chat, and customization for said outputs.",
	"minimumCoreVersion": "0.5.5",
	"compatibleCoreVersion": "0.5.5",
	"version": "1.0.3",
	"author": "Red Reign#5128 + Raavi Arda",
	"languages": [
		{
			"lang": "en",
			"name": "English",
			"path": "lang/en.json"
		},
		{
			"lang": "fr",
			"name": "Français (French)",
			"path": "lang/fr.json"
		},
		{
			"lang": "es",
			"name": "Español (Spanish)",
			"path": "lang/es.json"
		},
		{
			"lang": "ja",
			"name": "日本語 (Japanese)",
			"path": "lang/ja.json"
		},
		{
			"lang": "kr",
			"name": "한국어 (Korean)",
			"path": "lang/kr.json"
		}
	],
	"systems": ["sw5e", "sw5eJP"],
	"esmodules": [
		"./scripts/betterrollssw5e.js",
		"./scripts/custom-roll.js",
		"./scripts/init.js",
		"./scripts/chat-damage-buttons.js",
		"./scripts/utils.js",
		"./scripts/hooks.js"
	],
	"styles": ["./css/betterrollssw5e.css"],
	"packs": [],
	"url": "https://raw.githubusercontent.com/RaaviArda/FoundryVTT-BetterRolls5e/master/betterrolls5e",
	"manifest": "https://raw.githubusercontent.com/RaaviArda/FoundryVTT-BetterRolls5e/master/betterrolls5e/module.json",
	"download": "https://raw.githubusercontent.com/RaaviArda/FoundryVTT-BetterRolls5e/master/betterrolls5e.zip"
}