{
	"name": "betterrolls5e",
	"title": "Better Rolls for 5e",
	"description": "This module adds special roll functionality for the D&D 5e system, allowing \"dual rolls\" for d20 rolls, buttons that support full output to chat, and customization for said outputs.",
	"minimumCoreVersion": "0.4.1",
	"version": "0.4.2",
	"author": "Red Reign#5128",
	"languages": [
		{
			"lang": "en",
			"name": "English",
			"path": "lang/en.json"
		},
		{
			"lang": "ja",
			"name": "日本語 (Japanese)",
			"path": "lang/ja.json"
		}
	],
	"systems": ["dnd5e", "dnd5eJP"],
	"esmodules": ["./scripts/betterrolls5e.js",
	              "./scripts/init.js",
				  "./scripts/chat-damage-buttons.js"],
	"styles": ["./css/betterrolls5e.css"],
	"packs": [],
	"url": "https://github.com/RedReign/FoundryVTT-BetterRolls5e/tree/master/betterrolls5e",
	"manifest": "https://raw.githubusercontent.com/RedReign/FoundryVTT-BetterRolls5e/master/betterrolls5e/module.json",
	"download": "https://github.com/RedReign/FoundryVTT-BetterRolls5e/raw/master/betterrolls5e.zip"
}