{
	"name": "betterrolls5e",
	"title": "Better Rolls for 5e",
	"description": "This module adds special roll functionality for the 5e system, allowing \"dual rolls\" for d20 rolls, buttons that support full output to chat, and customization for said outputs.",
	"version": "0.2.5",
	"author": "RedReign",
	"systems": ["dnd5e"],
	"scripts": ["./scripts/betterrolls5e.js",
				"./scripts/init.js"],
	"styles": ["./css/betterrolls5e.css"],
	"packs": [],
	"url": "https://github.com/RedReign/FoundryVTT-BetterRolls5e/tree/master/betterrolls5e",
	"manifest": "https://raw.githubusercontent.com/RedReign/FoundryVTT-BetterRolls5e/master/betterrolls5e/module.json",
	"download": "https://github.com/RedReign/FoundryVTT-BetterRolls5e/raw/master/betterrolls5e.zip"
}