{
	"name": "betterrolls5e",
	"title": "Better Rolls for 5e",
	"description": "This module overhauls rolls for the D&D 5e system, allowing \"dual rolls\" for d20 rolls, buttons that support full output to chat, and customization for said outputs.",
	"minimumCoreVersion": "0.7.0",
	"compatibleCoreVersion": "0.7.4",
	"version": "1.1.16",
	"author": "Red Reign#5128",
	"languages": [
		{
			"lang": "en",
			"name": "English",
			"path": "lang/en.json"
		},
		{
			"lang": "fr",
			"name": "Français (French)",
			"path": "lang/fr.json"
		},
		{
			"lang": "es",
			"name": "Español (Spanish)",
			"path": "lang/es.json"
		},
		{
			"lang": "pt-BR",
			"name": "Português (Brasil)",
			"path": "lang/pt-BR.json"
		},
		{
			"lang": "de",
			"name": "Deutsch (German)",
			"path": "lang/de.json"
		},
		{
			"lang": "ja",
			"name": "日本語 (Japanese)",
			"path": "lang/ja.json"
		},
		{
			"lang": "ko",
			"name": "한국어 (Korean)",
			"path": "lang/ko.json"
		}
	],
	"systems": ["dnd5e", "dnd5eJP"],
	"esmodules": [
		"./scripts/betterrolls5e.js",
		"./scripts/custom-roll.js",
		"./scripts/init.js",
		"./scripts/chat-damage-buttons.js",
		"./scripts/utils.js",
		"./scripts/hooks.js",
		"./scripts/item-tab.js"
	],
	"styles": ["./css/betterrolls5e.css"],
	"packs": [],
	"url": "https://github.com/RedReign/FoundryVTT-BetterRolls5e/tree/master/betterrolls5e",
	"manifest": "https://raw.githubusercontent.com/RedReign/FoundryVTT-BetterRolls5e/master/betterrolls5e/module.json",
	"download": "https://github.com/RedReign/FoundryVTT-BetterRolls5e/raw/master/betterrolls5e.zip"
}